experiment,method,dataset,accuracy,f1,trainable_params,duration_min
lora_r4_baseline,lora,sst2,0.8911,0.8943,665858,35.52789258333333
lora_r8_baseline,lora,sst2,0.906,0.9083,739586,36.20481628333334
lora_r12_baseline,lora,sst2,0.9151,0.9172,813314,35.91985698333334
ba_lora_37k,ba_lora,sst2,0.8956,0.8981,628994,37.5394864
ba_lora_75k,ba_lora,sst2,0.9037,0.9071,665858,37.37676315
ba_lora_145k,ba_lora,sst2,0.9048,0.9077,739586,38.00016028333334
ba_lora_145k_43,ba_lora,sst2,0.9071,0.9099,739586,38.120308933333334
