experiment,method,dataset,accuracy,f1,trainable_params,duration_min
test_lora,lora,sst2,0.8739,0.8764,739586,11.765270566666668
ba_lora_test,ba_lora,sst2,0.875,0.8782,665858,12.619849783333333
lora_r4_baseline,lora,sst2,0.8876,0.8914,665858,36.21335575
lora_r8_baseline,lora,sst2,0.883,0.8874,739586,36.36900193333334
lora_r16_baseline,lora,sst2,0.883,0.8874,887042,37.35430278333333
ba_lora_37k,ba_lora,sst2,0.8865,0.8901,628994,37.89360958333334
ba_lora_75k,ba_lora,sst2,0.8853,0.8886,665858,36.814094
